{"_via_settings":{"ui":{"annotation_editor_height":25,"annotation_editor_fontsize":0.8,"leftsidebar_width":18,"image_grid":{"img_height":80,"rshape_fill":"none","rshape_fill_opacity":0.3,"rshape_stroke":"yellow","rshape_stroke_width":2,"show_region_shape":true,"show_image_policy":"all"},"image":{"region_label":"__via_region_id__","region_color":"__via_default_region_color__","region_label_font":"10px Sans","on_image_annotation_editor_placement":"NEAR_REGION"}},"core":{"buffer_size":18,"filepath":{},"default_filepath":""},"project":{"name":"via_project_15Dec2020_11h27m"}},"_via_img_metadata":{"shorts1.jpeg25544":{"filename":"shorts1.jpeg","size":25544,"regions":[{"shape_attributes":{"name":"polygon","all_points_x":[169,153,151,242,253,270,354,361,326],"all_points_y":[102,204,343,351,258,348,347,178,89]},"region_attributes":{"Shorts":""}}],"file_attributes":{}},"shorts2.jpg15849":{"filename":"shorts2.jpg","size":15849,"regions":[{"shape_attributes":{"name":"polygon","all_points_x":[209,182,191,299,410,389],"all_points_y":[10,108,189,188,182,22]},"region_attributes":{"Shorts":""}}],"file_attributes":{}},"shorts3.jpg17186":{"filename":"shorts3.jpg","size":17186,"regions":[{"shape_attributes":{"name":"polygon","all_points_x":[67,25,223,461,414],"all_points_y":[111,487,505,490,107]},"region_attributes":{"Shorts":""}}],"file_attributes":{}},"shorts4.jpeg47372":{"filename":"shorts4.jpeg","size":47372,"regions":[{"shape_attributes":{"name":"polygon","all_points_x":[225,195,173,165,369,489,580,833,855,767],"all_points_y":[180,362,610,832,860,799,854,898,836,163]},"region_attributes":{"Shorts":""}}],"file_attributes":{}},"shorts5.jpg11789":{"filename":"shorts5.jpg","size":11789,"regions":[{"shape_attributes":{"name":"polygon","all_points_x":[158,80,73,224,327,414,585,533,521],"all_points_y":[111,395,521,571,527,574,518,155,100]},"region_attributes":{"Shorts":""}}],"file_attributes":{}},"shorts6.jpg102394":{"filename":"shorts6.jpg","size":102394,"regions":[{"shape_attributes":{"name":"polygon","all_points_x":[219,191,195,383,396,426,622,561],"all_points_y":[36,219,425,426,317,429,394,12]},"region_attributes":{"Shorts":""}}],"file_attributes":{}},"shorts7.jpg280797":{"filename":"shorts7.jpg","size":280797,"regions":[{"shape_attributes":{"name":"polygon","all_points_x":[104,2,611,1193,1125],"all_points_y":[16,1822,1838,1815,11]},"region_attributes":{"Shorts":""}}],"file_attributes":{}},"shorts8.jpg201903":{"filename":"shorts8.jpg","size":201903,"regions":[{"shape_attributes":{"name":"polygon","all_points_x":[463,223,1123,1806,1574],"all_points_y":[206,1713,1740,1637,162]},"region_attributes":{"Shorts":""}}],"file_attributes":{}},"shorts9.jpg167928":{"filename":"shorts9.jpg","size":167928,"regions":[{"shape_attributes":{"name":"polygon","all_points_x":[320,282,420,576,667,684,625],"all_points_y":[104,519,528,545,498,162,51]},"region_attributes":{"Shorts":""}}],"file_attributes":{}},"shorts10.jpg113824":{"filename":"shorts10.jpg","size":113824,"regions":[{"shape_attributes":{"name":"polygon","all_points_x":[275,217,215,313,406,413,423,554,599,595],"all_points_y":[62,275,448,483,460,352,471,487,220,50]},"region_attributes":{"Shorts":""}}],"file_attributes":{}},"shorts11.jpg197774":{"filename":"shorts11.jpg","size":197774,"regions":[{"shape_attributes":{"name":"polygon","all_points_x":[333,256,237,263,675,904,1241,1230,1099],"all_points_y":[215,688,963,1301,1314,1397,1349,614,129]},"region_attributes":{"Shorts":""}}],"file_attributes":{}},"shorts12.jpg16843":{"filename":"shorts12.jpg","size":16843,"regions":[{"shape_attributes":{"name":"polygon","all_points_x":[259,173,489,622,844,761],"all_points_y":[240,667,795,773,673,242]},"region_attributes":{"Shorts":""}}],"file_attributes":{}},"shorts13.jpg436890":{"filename":"shorts13.jpg","size":436890,"regions":[{"shape_attributes":{"name":"polygon","all_points_x":[946,833,1164,1566,1396],"all_points_y":[939,1409,1454,1425,965]},"region_attributes":{"Shorts":""}}],"file_attributes":{}},"shorts14.png1267256":{"filename":"shorts14.png","size":1267256,"regions":[{"shape_attributes":{"name":"polygon","all_points_x":[635,596,627,855,1051,1299,1179],"all_points_y":[0,434,500,529,515,468,0]},"region_attributes":{"Shorts":""}}],"file_attributes":{}},"shorts15.jpg330181":{"filename":"shorts15.jpg","size":330181,"regions":[{"shape_attributes":{"name":"polygon","all_points_x":[350,188,1268,2221,2259],"all_points_y":[3,2238,2320,2241,38]},"region_attributes":{"Shorts":""}}],"file_attributes":{}},"shorts16.jpg206288":{"filename":"shorts16.jpg","size":206288,"regions":[{"shape_attributes":{"name":"polygon","all_points_x":[243,90,1234,2117,2250,2247,2082],"all_points_y":[9,2210,2331,2256,1257,501,49]},"region_attributes":{"Shorts":""}}],"file_attributes":{}},"shorts17.jpg666956":{"filename":"shorts17.jpg","size":666956,"regions":[{"shape_attributes":{"name":"polygon","all_points_x":[341,197,265,1156,1415,2065,2224,2115,1856],"all_points_y":[44,1200,2353,2362,2235,2276,2038,894,32]},"region_attributes":{"Shorts":""}}],"file_attributes":{}},"shorts18.jpeg25544":{"filename":"shorts18.jpeg","size":25544,"regions":[{"shape_attributes":{"name":"polygon","all_points_x":[167,159,151,239,248,270,358,356,328],"all_points_y":[105,190,347,349,273,357,347,141,93]},"region_attributes":{"Shorts":""}}],"file_attributes":{}},"shorts19.jpg160220":{"filename":"shorts19.jpg","size":160220,"regions":[{"shape_attributes":{"name":"polygon","all_points_x":[147,10,20,56,951,1948,1961,1824],"all_points_y":[310,935,1523,2337,2392,2350,768,281]},"region_attributes":{"Shorts":""}}],"file_attributes":{}},"shorts20.jpg74197":{"filename":"shorts20.jpg","size":74197,"regions":[{"shape_attributes":{"name":"polygon","all_points_x":[233,158,161,477,836,814,745],"all_points_y":[172,506,835,833,822,320,167]},"region_attributes":{"Shorts":""}}],"file_attributes":{}}},"_via_attributes":{"region":{"Shorts":{"type":"text","description":"","default_value":""}},"file":{}},"_via_data_format_version":"2.0.10","_via_image_id_list":["shorts1.jpeg25544","shorts2.jpg15849","shorts3.jpg17186","shorts4.jpeg47372","shorts5.jpg11789","shorts6.jpg102394","shorts7.jpg280797","shorts8.jpg201903","shorts9.jpg167928","shorts10.jpg113824","shorts11.jpg197774","shorts12.jpg16843","shorts13.jpg436890","shorts14.png1267256","shorts15.jpg330181","shorts16.jpg206288","shorts17.jpg666956","shorts18.jpeg25544","shorts19.jpg160220","shorts20.jpg74197"]}