{"_via_settings":{"ui":{"annotation_editor_height":25,"annotation_editor_fontsize":0.8,"leftsidebar_width":18,"image_grid":{"img_height":80,"rshape_fill":"none","rshape_fill_opacity":0.3,"rshape_stroke":"yellow","rshape_stroke_width":2,"show_region_shape":true,"show_image_policy":"all"},"image":{"region_label":"__via_region_id__","region_color":"__via_default_region_color__","region_label_font":"10px Sans","on_image_annotation_editor_placement":"NEAR_REGION"}},"core":{"buffer_size":18,"filepath":{},"default_filepath":""},"project":{"name":"via_region_data"}},"_via_img_metadata":{"shorts1.jpeg25544":{"filename":"shorts1.jpeg","size":25544,"regions":[{"shape_attributes":{"name":"polygon","all_points_x":[176,149,146,248,253,263,366,367,342],"all_points_y":[107,204,350,360,273,355,360,262,101]},"region_attributes":{"shorts":"shorts"}}],"file_attributes":{}},"shorts2.jpg15849":{"filename":"shorts2.jpg","size":15849,"regions":[{"shape_attributes":{"name":"polygon","all_points_x":[215,181,200,289,417,399,370],"all_points_y":[7,134,196,190,180,79,5]},"region_attributes":{"shorts":"shorts"}}],"file_attributes":{}},"shorts3.jpg17186":{"filename":"shorts3.jpg","size":17186,"regions":[{"shape_attributes":{"name":"polygon","all_points_x":[72,22,229,459,426],"all_points_y":[118,490,510,491,108]},"region_attributes":{"shorts":"shorts"}}],"file_attributes":{}},"shorts4.jpeg47372":{"filename":"shorts4.jpeg","size":47372,"regions":[{"shape_attributes":{"name":"polygon","all_points_x":[224,105,149,525,863,825,743],"all_points_y":[167,594,849,857,891,390,114]},"region_attributes":{"shorts":"shorts"}}],"file_attributes":{}},"shorts5.jpg11789":{"filename":"shorts5.jpg","size":11789,"regions":[{"shape_attributes":{"name":"polygon","all_points_x":[158,81,94,327,595,532],"all_points_y":[98,424,560,572,546,102]},"region_attributes":{"shorts":"shorts"}}],"file_attributes":{}},"shorts6.jpg102394":{"filename":"shorts6.jpg","size":102394,"regions":[{"shape_attributes":{"name":"polygon","all_points_x":[236,202,194,382,606,555],"all_points_y":[40,194,419,426,398,20]},"region_attributes":{"shorts":"shorts"}}],"file_attributes":{}},"shorts7.jpg280797":{"filename":"shorts7.jpg","size":280797,"regions":[{"shape_attributes":{"name":"polygon","all_points_x":[110,5,15,1180,1136],"all_points_y":[5,996,1800,1790,17]},"region_attributes":{"shorts":"shorts"}}],"file_attributes":{}},"shorts8.jpg201903":{"filename":"shorts8.jpg","size":201903,"regions":[{"shape_attributes":{"name":"polygon","all_points_x":[477,225,1170,1796,1597],"all_points_y":[196,1703,1767,1634,199]},"region_attributes":{"shorts":"shorts"}}],"file_attributes":{}},"shorts9.jpg167928":{"filename":"shorts9.jpg","size":167928,"regions":[{"shape_attributes":{"name":"polygon","all_points_x":[637,683,661,417,298,314],"all_points_y":[57,210,525,540,514,94]},"region_attributes":{"shorts":"shorts"}}],"file_attributes":{}},"shorts10.jpg113824":{"filename":"shorts10.jpg","size":113824,"regions":[{"shape_attributes":{"name":"polygon","all_points_x":[578,601,567,411,212,270],"all_points_y":[46,208,469,469,462,33]},"region_attributes":{"shorts":"shorts"}}],"file_attributes":{}},"shorts11.jpg197774":{"filename":"shorts11.jpg","size":197774,"regions":[{"shape_attributes":{"name":"polygon","all_points_x":[1138,1265,812,249,282],"all_points_y":[187,1303,1412,1327,159]},"region_attributes":{"shorts":"shorts"}}],"file_attributes":{}},"shorts12.jpg16843":{"filename":"shorts12.jpg","size":16843,"regions":[{"shape_attributes":{"name":"polygon","all_points_x":[764,840,512,163,243],"all_points_y":[231,713,806,668,223]},"region_attributes":{"shorts":"shorts"}}],"file_attributes":{}},"shorts13.jpg436890":{"filename":"shorts13.jpg","size":436890,"regions":[{"shape_attributes":{"name":"polygon","all_points_x":[1423,1506,1165,873,915],"all_points_y":[995,1409,1485,1374,922]},"region_attributes":{"shorts":"shorts"}}],"file_attributes":{}},"shorts14.png1267256":{"filename":"shorts14.png","size":1267256,"regions":[{"shape_attributes":{"name":"polygon","all_points_x":[1212,1294,979,610,597],"all_points_y":[3,475,578,496,19]},"region_attributes":{"shorts":"shorts"}}],"file_attributes":{}},"shorts15.jpg330181":{"filename":"shorts15.jpg","size":330181,"regions":[{"shape_attributes":{"name":"polygon","all_points_x":[373,216,1250,2191,2034],"all_points_y":[38,2209,2300,2147,69]},"region_attributes":{"shorts":"shorts"}}],"file_attributes":{}},"shorts16.jpg206288":{"filename":"shorts16.jpg","size":206288,"regions":[{"shape_attributes":{"name":"polygon","all_points_x":[357,138,1182,2131,2219,2021],"all_points_y":[38,2209,2291,2125,326,44]},"region_attributes":{"shorts":"shorts"}}],"file_attributes":{}},"shorts17.jpg666956":{"filename":"shorts17.jpg","size":666956,"regions":[{"shape_attributes":{"name":"polygon","all_points_x":[309,341,341,1254,2098,2002,1843],"all_points_y":[83,2333,2324,2225,2164,713,45]},"region_attributes":{"shorts":"shorts"}}],"file_attributes":{}},"shorts18.jpeg25544":{"filename":"shorts18.jpeg","size":25544,"regions":[{"shape_attributes":{"name":"polygon","all_points_x":[329,371,353,279,250,228,147,159],"all_points_y":[91,215,339,356,313,358,347,100]},"region_attributes":{"shorts":"shorts"}}],"file_attributes":{}},"shorts19.jpg160220":{"filename":"shorts19.jpg","size":160220,"regions":[{"shape_attributes":{"name":"polygon","all_points_x":[1855,1943,1087,106,88],"all_points_y":[319,2301,2354,2340,269]},"region_attributes":{"shorts":"shorts"}}],"file_attributes":{}},"shorts20.jpg74197":{"filename":"shorts20.jpg","size":74197,"regions":[{"shape_attributes":{"name":"polygon","all_points_x":[768,825,528,179,196],"all_points_y":[172,810,814,817,195]},"region_attributes":{"shorts":"shorts"}}],"file_attributes":{}}},"_via_attributes":{"region":{"shorts":{"type":"dropdown","description":"","options":{"shorts":""},"default_options":{"shorts":true}}},"file":{}},"_via_data_format_version":"2.0.10","_via_image_id_list":["shorts1.jpeg25544","shorts2.jpg15849","shorts3.jpg17186","shorts4.jpeg47372","shorts5.jpg11789","shorts6.jpg102394","shorts7.jpg280797","shorts8.jpg201903","shorts9.jpg167928","shorts10.jpg113824","shorts11.jpg197774","shorts12.jpg16843","shorts13.jpg436890","shorts14.png1267256","shorts15.jpg330181","shorts16.jpg206288","shorts17.jpg666956","shorts18.jpeg25544","shorts19.jpg160220","shorts20.jpg74197"]}